{"cameraMode":{"drawMode":0,"name":"Shaded","section":"Shading Mode"},"sceneLighting":true,"audioPlay":false,"sceneViewState":{"showFog":true,"showMaterialUpdate":true,"showSkybox":true,"showFlares":true,"showImageEffects":true,"showParticleSystems":true},"in2DMode":false,"pivot":{"x":4.254109859466553,"y":-3.6694719791412355,"z":5.993541717529297},"rotation":{"x":-0.2601979672908783,"y":0.13268668949604035,"z":-0.03620048239827156,"w":-0.9557589888572693},"size":10.278074264526368,"orthographic":false}