{"cameraMode":{"drawMode":0,"name":"Shaded","section":"Shading Mode"},"sceneLighting":false,"audioPlay":false,"sceneViewState":{"showFog":true,"showMaterialUpdate":false,"showSkybox":false,"showFlares":true,"showImageEffects":true,"showParticleSystems":true},"in2DMode":false,"pivot":{"x":0.5835533142089844,"y":3.9600067138671877,"z":-0.20150303840637208},"rotation":{"x":0.11924520134925842,"y":-0.1126246452331543,"z":0.01362740620970726,"w":0.9863810539245606},"size":1.4809105396270753,"orthographic":false}