{"cameraMode":{"drawMode":0,"name":"Shaded","section":"Shading Mode"},"sceneLighting":true,"audioPlay":false,"sceneViewState":{"showFog":true,"showMaterialUpdate":true,"showSkybox":true,"showFlares":true,"showImageEffects":true,"showParticleSystems":true},"in2DMode":false,"pivot":{"x":11.594032287597657,"y":2.3755104541778566,"z":-2.264942169189453},"rotation":{"x":-0.21822203695774079,"y":0.3613983988761902,"z":-0.08746325224637985,"w":-0.9023265838623047},"size":1.1362171173095704,"orthographic":false}