{"cameraMode":{"drawMode":0,"name":"Shaded","section":"Shading Mode"},"sceneLighting":true,"audioPlay":false,"sceneViewState":{"showFog":true,"showMaterialUpdate":true,"showSkybox":true,"showFlares":true,"showImageEffects":true,"showParticleSystems":true},"in2DMode":false,"pivot":{"x":10.479999542236329,"y":0.4909999370574951,"z":4.03000020980835},"rotation":{"x":-0.27856487035751345,"y":0.23323170840740205,"z":-0.0699915662407875,"w":-0.9290928840637207},"size":1.5161597728729249,"orthographic":false}