{"cameraMode":{"drawMode":0,"name":"Shaded","section":"Shading Mode"},"sceneLighting":false,"audioPlay":false,"sceneViewState":{"showFog":true,"showMaterialUpdate":false,"showSkybox":false,"showFlares":true,"showImageEffects":true,"showParticleSystems":true},"in2DMode":false,"pivot":{"x":9.457000732421875,"y":2.1600000858306886,"z":0.0},"rotation":{"x":0.11924520134925842,"y":-0.1126246452331543,"z":0.01362740620970726,"w":0.9863810539245606},"size":2.4630000591278078,"orthographic":false}