{"cameraMode":{"drawMode":0,"name":"Shaded","section":"Shading Mode"},"sceneLighting":true,"audioPlay":false,"sceneViewState":{"showFog":true,"showMaterialUpdate":true,"showSkybox":true,"showFlares":true,"showImageEffects":true,"showParticleSystems":true},"in2DMode":false,"pivot":{"x":10.479999542236329,"y":0.4909999370574951,"z":4.03000020980835},"rotation":{"x":-0.2325601875782013,"y":0.32360124588012698,"z":-0.0824631005525589,"w":-0.9135056138038635},"size":6.016160488128662,"orthographic":false}