{"cameraMode":{"drawMode":0,"name":"Shaded","section":"Shading Mode"},"sceneLighting":true,"audioPlay":false,"sceneViewState":{"showFog":true,"showMaterialUpdate":true,"showSkybox":true,"showFlares":true,"showImageEffects":true,"showParticleSystems":true},"in2DMode":false,"pivot":{"x":-3.5845818519592287,"y":1.9805412292480469,"z":-1.9783411026000977},"rotation":{"x":-0.1536547988653183,"y":-0.08293836563825607,"z":0.012912721373140812,"w":-0.9845823049545288},"size":4.4101948738098148,"orthographic":false}