{"cameraMode":{"drawMode":0,"name":"Shaded","section":"Shading Mode"},"sceneLighting":true,"audioPlay":false,"sceneViewState":{"showFog":true,"showMaterialUpdate":true,"showSkybox":true,"showFlares":true,"showImageEffects":true,"showParticleSystems":true},"in2DMode":false,"pivot":{"x":4.462574005126953,"y":-2.536649703979492,"z":2.215391159057617},"rotation":{"x":-0.16375967860221864,"y":0.4316374957561493,"z":-0.08008784055709839,"w":-0.8834891319274902},"size":6.107128620147705,"orthographic":false}