{"cameraMode":{"drawMode":0,"name":"Shaded","section":"Shading Mode"},"sceneLighting":true,"audioPlay":false,"sceneViewState":{"showFog":true,"showMaterialUpdate":false,"showSkybox":true,"showFlares":true,"showImageEffects":true,"showParticleSystems":true},"in2DMode":false,"pivot":{"x":10.74000072479248,"y":1.1100001335144044,"z":-0.04999995231628418},"rotation":{"x":-0.0841674879193306,"y":-0.03260073810815811,"z":0.0027380413375794889,"w":-0.9959370493888855},"size":2.115980863571167,"orthographic":false}