{"cameraMode":{"drawMode":0,"name":"Shaded","section":"Shading Mode"},"sceneLighting":false,"audioPlay":false,"sceneViewState":{"showFog":true,"showMaterialUpdate":true,"showSkybox":false,"showFlares":true,"showImageEffects":true,"showParticleSystems":true},"in2DMode":false,"pivot":{"x":39.04325485229492,"y":-0.7135896682739258,"z":88.65550231933594},"rotation":{"x":-0.048297856003046039,"y":-0.24264658987522126,"z":0.012094859033823014,"w":-0.9688403606414795},"size":59.667842864990237,"orthographic":false}