{"cameraMode":{"drawMode":0,"name":"Shaded","section":"Shading Mode"},"sceneLighting":false,"audioPlay":false,"sceneViewState":{"showFog":true,"showMaterialUpdate":true,"showSkybox":false,"showFlares":true,"showImageEffects":true,"showParticleSystems":true},"in2DMode":false,"pivot":{"x":39.89887619018555,"y":-3.5045840740203859,"z":87.04920959472656},"rotation":{"x":-0.13413141667842866,"y":-0.30192744731903078,"z":0.0429510660469532,"w":-0.9428748488426209},"size":143.65142822265626,"orthographic":false}