{"cameraMode":{"drawMode":0,"name":"Shaded","section":"Shading Mode"},"sceneLighting":false,"audioPlay":false,"sceneViewState":{"showFog":true,"showMaterialUpdate":true,"showSkybox":false,"showFlares":true,"showImageEffects":true,"showParticleSystems":true},"in2DMode":false,"pivot":{"x":-14.8100004196167,"y":13.446685791015625,"z":9.640000343322754},"rotation":{"x":-0.13413141667842866,"y":-0.30192744731903078,"z":0.0429510660469532,"w":-0.9428748488426209},"size":3.301612138748169,"orthographic":false}