{"cameraMode":{"drawMode":0,"name":"Shaded","section":"Shading Mode"},"sceneLighting":false,"audioPlay":false,"sceneViewState":{"showFog":true,"showMaterialUpdate":true,"showSkybox":false,"showFlares":true,"showImageEffects":true,"showParticleSystems":true},"in2DMode":false,"pivot":{"x":27.247413635253908,"y":-11.464130401611329,"z":93.88214874267578},"rotation":{"x":-0.11806299537420273,"y":-0.17862007021903993,"z":0.021592319011688234,"w":-0.9765806198120117},"size":82.95677947998047,"orthographic":false}