{"cameraMode":{"drawMode":0,"name":"Shaded","section":"Shading Mode"},"sceneLighting":true,"audioPlay":false,"sceneViewState":{"showFog":true,"showMaterialUpdate":true,"showSkybox":true,"showFlares":true,"showImageEffects":true,"showParticleSystems":true},"in2DMode":false,"pivot":{"x":-13.790887832641602,"y":9.82203197479248,"z":46.242408752441409},"rotation":{"x":0.004163503181189299,"y":0.11285630613565445,"z":0.00047395433648489416,"w":-0.99360591173172},"size":45.85742950439453,"orthographic":false}