{"cameraMode":{"drawMode":0,"name":"Shaded","section":"Shading Mode"},"sceneLighting":true,"audioPlay":false,"sceneViewState":{"showFog":true,"showMaterialUpdate":false,"showSkybox":true,"showFlares":true,"showImageEffects":true,"showParticleSystems":true},"in2DMode":false,"pivot":{"x":8.949773788452149,"y":0.9851584434509277,"z":1.9032516479492188},"rotation":{"x":0.10297026485204697,"y":-0.18537689745426179,"z":0.01953640580177307,"w":0.9770628213882446},"size":23.937122344970704,"orthographic":false}